{"cameraMode":{"drawMode":0,"name":"Shaded","section":"Shading Mode"},"sceneLighting":true,"audioPlay":false,"sceneViewState":{"m_AlwaysRefresh":false,"showFog":true,"showSkybox":true,"showFlares":true,"showImageEffects":true,"showParticleSystems":true,"showVisualEffectGraphs":true,"m_FxEnabled":true},"in2DMode":false,"pivot":{"x":9.89077377319336,"y":12.082921981811524,"z":-3.303405523300171},"rotation":{"x":0.24877528846263886,"y":-0.16655975580215455,"z":0.043524473905563357,"w":0.9531792402267456},"size":20.765806198120118,"orthographic":false}