{"cameraMode":{"drawMode":0,"name":"Shaded","section":"Shading Mode"},"sceneLighting":true,"audioPlay":false,"sceneViewState":{"m_AlwaysRefresh":false,"showFog":true,"showSkybox":true,"showFlares":true,"showImageEffects":true,"showParticleSystems":true,"showVisualEffectGraphs":true,"m_FxEnabled":true},"in2DMode":false,"pivot":{"x":4.881181716918945,"y":3.8746042251586916,"z":5.048027515411377},"rotation":{"x":0.17089465260505677,"y":-0.5692592859268189,"z":0.12245027720928192,"w":0.7948614954948425},"size":15.539910316467286,"orthographic":false}