{"cameraMode":{"drawMode":0,"name":"Shaded","section":"Shading Mode"},"sceneLighting":true,"audioPlay":false,"sceneViewState":{"m_AlwaysRefresh":false,"showFog":true,"showSkybox":true,"showFlares":true,"showImageEffects":true,"showParticleSystems":true,"showVisualEffectGraphs":true,"m_FxEnabled":true},"in2DMode":false,"pivot":{"x":3.681825637817383,"y":2.8143882751464845,"z":1.7810897827148438},"rotation":{"x":0.23744449019432069,"y":-0.4578423500061035,"z":0.1283838301897049,"w":0.8471106886863709},"size":15.109806060791016,"orthographic":false}