{"cameraMode":{"drawMode":0,"name":"Shaded","section":"Shading Mode"},"sceneLighting":true,"audioPlay":false,"sceneViewState":{"m_AlwaysRefresh":false,"showFog":true,"showSkybox":true,"showFlares":true,"showImageEffects":true,"showParticleSystems":true,"showVisualEffectGraphs":true,"m_FxEnabled":true},"in2DMode":false,"pivot":{"x":505.14794921875,"y":867.9041137695313,"z":1174.388427734375},"rotation":{"x":0.11257185786962509,"y":-0.0005027824081480503,"z":0.00007296916010091081,"w":0.9936679005622864},"size":2134.800537109375,"orthographic":false}