{"cameraMode":{"drawMode":0,"name":"Shaded","section":"Shading Mode"},"sceneLighting":true,"audioPlay":false,"sceneViewState":{"m_AlwaysRefresh":false,"showFog":true,"showSkybox":true,"showFlares":true,"showImageEffects":true,"showParticleSystems":true,"showVisualEffectGraphs":true,"m_FxEnabled":true},"in2DMode":false,"pivot":{"x":-1155.52783203125,"y":1446.354736328125,"z":-1308.3328857421875},"rotation":{"x":0.021300027146935464,"y":0.027982458472251893,"z":-0.0005902117118239403,"w":0.9994357228279114},"size":1133.25927734375,"orthographic":false}