{"cameraMode":{"drawMode":0,"name":"Shaded","section":"Shading Mode"},"sceneLighting":true,"audioPlay":false,"sceneViewState":{"m_AlwaysRefresh":false,"showFog":true,"showSkybox":true,"showFlares":true,"showImageEffects":true,"showParticleSystems":true,"showVisualEffectGraphs":true,"m_FxEnabled":true},"in2DMode":false,"pivot":{"x":4.0814056396484379,"y":-5.920832633972168,"z":11.938369750976563},"rotation":{"x":-0.3151364326477051,"y":0.30342406034469607,"z":-0.10709678381681442,"w":-0.8928365707397461},"size":13.566463470458985,"orthographic":false}