{"cameraMode":{"drawMode":0,"name":"Shaded","section":"Shading Mode"},"sceneLighting":true,"audioPlay":false,"sceneViewState":{"m_AlwaysRefresh":false,"showFog":true,"showSkybox":true,"showFlares":true,"showImageEffects":true,"showParticleSystems":true,"showVisualEffectGraphs":true,"m_FxEnabled":true},"in2DMode":false,"pivot":{"x":956.8008422851563,"y":716.7571411132813,"z":11.639141082763672},"rotation":{"x":-0.047655366361141208,"y":-0.028971387073397638,"z":-0.0013720550341531635,"w":0.9984656572341919},"size":257.3905334472656,"orthographic":false}