{"cameraMode":{"drawMode":0,"name":"Shaded","section":"Shading Mode"},"sceneLighting":false,"audioPlay":false,"sceneViewState":{"m_AlwaysRefresh":false,"showFog":true,"showSkybox":false,"showFlares":true,"showImageEffects":true,"showParticleSystems":true,"showVisualEffectGraphs":true,"m_FxEnabled":true},"in2DMode":false,"pivot":{"x":-0.3395681381225586,"y":0.773581862449646,"z":-0.31683987379074099},"rotation":{"x":-0.03857208043336868,"y":0.6009752750396729,"z":-0.029055114835500718,"w":-0.7978070974349976},"size":1.4880990982055665,"orthographic":false}