{"cameraMode":{"drawMode":0,"name":"Shaded","section":"Shading Mode"},"sceneLighting":false,"audioPlay":false,"sceneViewState":{"m_AlwaysRefresh":false,"showFog":true,"showSkybox":false,"showFlares":true,"showImageEffects":true,"showParticleSystems":true,"showVisualEffectGraphs":true,"m_FxEnabled":true},"in2DMode":false,"pivot":{"x":-0.37653499841690066,"y":0.8496309518814087,"z":-0.6852902173995972},"rotation":{"x":-0.11259691417217255,"y":0.48332205414772036,"z":-0.06284838914871216,"w":-0.8658932447433472},"size":1.7880990505218506,"orthographic":false}