{"cameraMode":{"drawMode":0,"name":"Shaded","section":"Shading Mode"},"sceneLighting":false,"audioPlay":false,"sceneViewState":{"m_AlwaysRefresh":false,"showFog":true,"showSkybox":false,"showFlares":true,"showImageEffects":true,"showParticleSystems":true,"showVisualEffectGraphs":true,"m_FxEnabled":true},"in2DMode":false,"pivot":{"x":-0.2795599699020386,"y":1.3577015399932862,"z":0.16086840629577638},"rotation":{"x":0.07883935421705246,"y":-0.14799100160598756,"z":0.01187022402882576,"w":0.985805094242096},"size":2.618746280670166,"orthographic":false}