{"cameraMode":{"drawMode":0,"name":"Shaded","section":"Shading Mode"},"sceneLighting":true,"audioPlay":false,"sceneViewState":{"m_AlwaysRefresh":false,"showFog":true,"showSkybox":true,"showFlares":true,"showImageEffects":true,"showParticleSystems":true,"showVisualEffectGraphs":true,"m_FxEnabled":true},"in2DMode":false,"pivot":{"x":-16.88534164428711,"y":-11.734089851379395,"z":15.383650779724121},"rotation":{"x":-0.22730077803134919,"y":0.4986432194709778,"z":-0.13736487925052644,"w":-0.8251169919967651},"size":20.395448684692384,"orthographic":false}