{"cameraMode":{"drawMode":0,"name":"Shaded","section":"Shading Mode"},"sceneLighting":false,"audioPlay":false,"sceneViewState":{"m_AlwaysRefresh":false,"showFog":true,"showSkybox":false,"showFlares":true,"showImageEffects":true,"showParticleSystems":true,"showVisualEffectGraphs":true,"m_FxEnabled":true},"in2DMode":false,"pivot":{"x":-0.32833969593048098,"y":0.7778151035308838,"z":-0.3097550868988037},"rotation":{"x":-0.025960389524698259,"y":0.5156986713409424,"z":-0.01563502661883831,"w":-0.8562333583831787},"size":1.641456127166748,"orthographic":false}