{"cameraMode":{"drawMode":0,"name":"Shaded","section":"Shading Mode"},"sceneLighting":false,"audioPlay":false,"sceneViewState":{"m_AlwaysRefresh":false,"showFog":true,"showSkybox":false,"showFlares":true,"showImageEffects":true,"showParticleSystems":true,"showVisualEffectGraphs":true,"m_FxEnabled":true},"in2DMode":false,"pivot":{"x":525.2523803710938,"y":1155.4097900390625,"z":70.195068359375},"rotation":{"x":-0.05506999418139458,"y":-0.05888516828417778,"z":-0.0032425192184746267,"w":0.9967628121376038},"size":1408.7171630859375,"orthographic":false}