{"cameraMode":{"drawMode":0,"name":"Shaded","section":"Shading Mode"},"sceneLighting":true,"audioPlay":false,"sceneViewState":{"m_AlwaysRefresh":false,"showFog":true,"showSkybox":true,"showFlares":true,"showImageEffects":true,"showParticleSystems":true,"showVisualEffectGraphs":true,"m_FxEnabled":true},"in2DMode":false,"pivot":{"x":-0.3943319618701935,"y":-0.4730411171913147,"z":1.1063028573989869},"rotation":{"x":0.32211604714393618,"y":-0.6073005199432373,"z":0.2947181463241577,"w":0.6637643575668335},"size":1.7023849487304688,"orthographic":false}