{"cameraMode":{"drawMode":0,"name":"Shaded","section":"Shading Mode"},"sceneLighting":true,"audioPlay":false,"sceneViewState":{"m_AlwaysRefresh":false,"showFog":true,"showSkybox":true,"showFlares":true,"showImageEffects":true,"showParticleSystems":true,"showVisualEffectGraphs":true,"m_FxEnabled":true},"in2DMode":false,"pivot":{"x":1.9411261081695557,"y":0.6817493438720703,"z":-0.3041034936904907},"rotation":{"x":0.2857626676559448,"y":-0.3872824013233185,"z":0.12761670351028443,"w":0.8672179579734802},"size":8.333935737609864,"orthographic":false}