{"cameraMode":{"drawMode":0,"name":"Shaded","section":"Shading Mode"},"sceneLighting":true,"audioPlay":false,"sceneViewState":{"m_AlwaysRefresh":false,"showFog":true,"showSkybox":true,"showFlares":true,"showImageEffects":true,"showParticleSystems":true,"showVisualEffectGraphs":true,"m_FxEnabled":true},"in2DMode":false,"pivot":{"x":1.0804154872894288,"y":0.26157522201538088,"z":1.242166519165039},"rotation":{"x":0.21914908289909364,"y":-0.15438777208328248,"z":0.03514648228883743,"w":0.9627711772918701},"size":5.493248462677002,"orthographic":false}