{"cameraMode":{"drawMode":0,"name":"Shaded","section":"Shading Mode"},"sceneLighting":true,"audioPlay":false,"sceneViewState":{"m_AlwaysRefresh":false,"showFog":true,"showSkybox":true,"showFlares":true,"showImageEffects":true,"showParticleSystems":true,"showVisualEffectGraphs":true,"m_FxEnabled":true},"in2DMode":false,"pivot":{"x":0.019825458526611329,"y":0.22721385955810548,"z":8.037479400634766},"rotation":{"x":0.22567681968212129,"y":-0.13250595331192017,"z":0.03100087121129036,"w":0.9646666049957275},"size":15.072175979614258,"orthographic":false}